Country,2000,2001,2002,2003,2004,2005,2006,2007,2008,2009,2010,2011,2012,2013,2014,2015,2016,2017,2018,2019,2020,2021,2022
Afghanistan,1.59442E+13,1.47128E+13,1.99455E+13,2.14538E+13,1.98445E+13,2.34379E+13,2.18453E+13,2.40467E+13,2.16461E+13,2.69723E+13,2.76445E+13,2.54141E+13,2.84763E+13,2.86262E+13,2.9486E+13,2.77394E+13,2.7612E+13,2.62366E+13,2.47188E+13,2.82015E+13,2.92969E+13,2.70706E+13,2.68858E+13
Albania,4.84647E+12,4.62331E+12,4.65389E+12,4.62325E+12,4.6215E+12,4.67332E+12,4.72209E+12,4.77181E+12,4.7577E+12,4.76905E+12,4.98824E+12,5.33846E+12,5.26852E+12,5.30541E+12,5.39051E+12,5.48723E+12,5.56467E+12,5.50261E+12,5.21092E+12,5.1351E+12,5.06042E+12,5.10657E+12,5.00198E+12
Algeria,1.63288E+13,1.99595E+13,1.88174E+13,2.40521E+13,2.41735E+13,2.35791E+13,2.50768E+13,2.41361E+13,2.0324E+13,2.86935E+13,2.75406E+13,2.87162E+13,3.12197E+13,3.17328E+13,2.93031E+13,3.05307E+13,2.98326E+13,2.98824E+13,3.53057E+13,3.49559E+13,3.28154E+13,2.95593E+13,3.36172E+13
Angola,1.19455E+13,1.26552E+13,1.33569E+13,1.36536E+13,1.40704E+13,1.53721E+13,1.52597E+13,1.61934E+13,1.68831E+13,1.92986E+13,2.02193E+13,2.18876E+13,1.8943E+13,2.41277E+13,2.33844E+13,2.44507E+13,2.55156E+13,2.56505E+13,2.65603E+13,2.7229E+13,2.81594E+13,2.85768E+13,2.95396E+13
Antigua and Barbuda,48542790982,49839493889,50807962038,51762280955,52810597086,51077507914,51763690939,52884796696,52793957735,51852626475,30316921233,30190718963,29689012392,29473265378,29402230077,29617030012,29193696327,28786264538,27101226317,24249809117,23482760334,22988640125,22883626218
Argentina,2.648E+14,2.71512E+14,2.80699E+14,2.94875E+14,2.94408E+14,3.28724E+14,3.16588E+14,3.53033E+14,3.57133E+14,2.78269E+14,3.36332E+14,3.62136E+14,3.30154E+14,3.6822E+14,3.77381E+14,4.21022E+14,4.3066E+14,4.72559E+14,3.97183E+14,5.01777E+14,4.84965E+14,4.87231E+14,4.9202E+14
Armenia,1.75611E+12,2.01815E+12,2.19194E+12,2.07232E+12,2.50489E+12,2.5627E+12,2.31537E+12,2.94505E+12,3.43573E+12,3.3843E+12,3.20063E+12,3.68921E+12,3.88332E+12,4.02858E+12,4.22923E+12,4.39794E+12,4.24549E+12,3.61845E+12,3.46571E+12,3.14318E+12,3.30017E+12,2.90194E+12,2.95105E+12
Australia,2.38038E+14,2.29909E+14,2.36693E+14,1.90413E+14,2.44132E+14,2.30151E+14,2.40212E+14,1.90054E+14,2.03324E+14,2.19079E+14,2.12949E+14,2.30179E+14,2.39476E+14,2.30977E+14,2.38045E+14,2.31118E+14,2.2001E+14,2.5985E+14,2.24824E+14,2.05446E+14,1.90763E+14,2.50274E+14,2.63263E+14
Austria,2.44511E+13,2.51886E+13,2.55256E+13,2.45469E+13,2.67844E+13,2.60918E+13,2.55728E+13,2.67163E+13,2.92418E+13,2.68914E+13,2.65327E+13,2.89187E+13,2.64951E+13,2.5991E+13,2.8763E+13,2.61042E+13,2.80661E+13,2.64212E+13,2.54743E+13,2.62648E+13,2.67542E+13,2.68808E+13,2.45018E+13
Azerbaijan,8.13573E+12,9.23212E+12,9.96567E+12,1.00347E+13,1.03381E+13,1.06931E+13,1.08246E+13,1.09014E+13,1.20674E+13,1.34496E+13,1.18243E+13,1.28767E+13,1.36582E+13,1.42755E+13,1.32714E+13,1.45764E+13,1.47907E+13,1.47143E+13,1.56665E+13,1.63285E+13,1.59034E+13,1.61484E+13,1.5816E+13
Bahamas,1.38581E+11,1.46507E+11,1.40088E+11,1.50895E+11,1.55294E+11,1.46559E+11,1.51633E+11,1.58659E+11,1.58227E+11,1.52813E+11,1.63641E+11,1.65408E+11,1.66137E+11,1.677E+11,1.67961E+11,1.71317E+11,1.71112E+11,1.70888E+11,1.7191E+11,1.73345E+11,1.7175E+11,1.71632E+11,1.71769E+11
Bangladesh,1.40983E+14,1.3636E+14,1.40211E+14,1.42564E+14,1.35793E+14,1.47483E+14,1.50096E+14,1.59448E+14,1.72387E+14,1.74178E+14,1.81078E+14,1.83669E+14,1.84415E+14,1.89677E+14,1.93353E+14,1.94357E+14,1.90851E+14,2.04703E+14,2.05571E+14,2.06446E+14,2.0954E+14,2.14722E+14,2.17805E+14
Barbados,3.88969E+11,3.32965E+11,3.22668E+11,2.99851E+11,3.10545E+11,3.47466E+11,3.00177E+11,3.07607E+11,2.88188E+11,3.09553E+11,2.70819E+11,2.80811E+11,2.52995E+11,2.16337E+11,2.14319E+11,2.07096E+11,1.95105E+11,2.2126E+11,2.34235E+11,2.03267E+11,2.00885E+11,1.97131E+11,2.08189E+11
Belarus,2.45868E+13,2.53105E+13,2.65978E+13,2.55505E+13,3.00487E+13,2.90733E+13,2.92957E+13,3.2141E+13,3.68851E+13,3.6581E+13,3.39742E+13,3.69923E+13,4.26066E+13,3.94592E+13,4.42184E+13,4.09287E+13,3.9211E+13,4.21373E+13,3.94608E+13,4.15939E+13,4.4162E+13,4.07827E+13,4.10667E+13
Belgium,2.4934E+13,2.38626E+13,2.51615E+13,2.42899E+13,2.52607E+13,2.44267E+13,2.40797E+13,2.40447E+13,2.38386E+13,2.46029E+13,2.42498E+13,2.46683E+13,2.42556E+13,2.42009E+13,2.46177E+13,2.45652E+13,2.2445E+13,2.42455E+13,2.29916E+13,2.35748E+13,2.2826E+13,2.2484E+13,2.27859E+13
Belize,1.21482E+12,1.1901E+12,1.17467E+12,1.17127E+12,1.25139E+12,1.24512E+12,1.25022E+12,1.30818E+12,1.21622E+12,1.2574E+12,1.33445E+12,1.19954E+12,1.40222E+12,1.39382E+12,1.39284E+12,1.36854E+12,1.43791E+12,1.66245E+12,1.58014E+12,1.55287E+12,1.53847E+12,1.7956E+12,1.75722E+12
Benin,8.50018E+12,8.67508E+12,9.35757E+12,9.31663E+12,9.57346E+12,9.59874E+12,9.45886E+12,9.69935E+12,1.03392E+13,1.16464E+13,1.10756E+13,1.19345E+13,1.23331E+13,1.3412E+13,1.33094E+13,1.27321E+13,1.38336E+13,1.4446E+13,1.65804E+13,1.62874E+13,1.62895E+13,1.69066E+13,1.68467E+13
Bhutan,2.54833E+12,2.54749E+12,2.53271E+12,2.59942E+12,2.72749E+12,2.91345E+12,2.89744E+12,2.99865E+12,2.95155E+12,2.87031E+12,2.91843E+12,3.01045E+12,2.96995E+12,3.00753E+12,3.02149E+12,3.01812E+12,3.07207E+12,3.10839E+12,3.01818E+12,2.97912E+12,2.96948E+12,2.93618E+12,2.89111E+12
Bolivia,3.06952E+13,3.04575E+13,3.17286E+13,3.32722E+13,3.3731E+13,3.56625E+13,3.73327E+13,3.82366E+13,3.91823E+13,4.28772E+13,4.13065E+13,4.27493E+13,4.57244E+13,4.7622E+13,4.724E+13,4.88642E+13,4.89994E+13,4.77682E+13,5.16287E+13,5.14338E+13,5.20678E+13,5.54682E+13,5.38819E+13
Bosnia and Herzegovina,4.88235E+12,5.18907E+12,5.70106E+12,4.7259E+12,6.40833E+12,6.19233E+12,6.51162E+12,5.70276E+12,6.65003E+12,6.61578E+12,6.2522E+12,6.38024E+12,5.8471E+12,6.71112E+12,6.10461E+12,6.38169E+12,7.58476E+12,6.41778E+12,7.84675E+12,7.62272E+12,8.24956E+12,6.40101E+12,6.69047E+12
Botswana,4.57278E+12,4.41346E+12,3.79693E+12,3.75598E+12,3.82041E+12,4.01696E+12,4.06141E+12,3.98247E+12,4.16953E+12,4.48162E+12,4.78273E+12,4.71026E+12,4.13948E+12,3.85401E+12,3.20256E+12,3.25046E+12,2.99047E+12,2.34879E+12,2.46731E+12,2.2062E+12,2.43889E+12,2.41117E+12,2.27362E+12
Brazil,8.05789E+14,8.54551E+14,8.84438E+14,9.80217E+14,9.92121E+14,9.87859E+14,1.0207E+15,1.08004E+15,1.14717E+15,1.14361E+15,1.19607E+15,1.23825E+15,1.2384E+15,1.3131E+15,1.31548E+15,1.35526E+15,1.32496E+15,1.42993E+15,1.40242E+15,1.43479E+15,1.47482E+15,1.47506E+15,1.51461E+15
Brunei Darussalam,2.27228E+11,2.53082E+11,2.38586E+11,2.58283E+11,2.50876E+11,2.33529E+11,2.53172E+11,2.66046E+11,2.60629E+11,2.58882E+11,2.70572E+11,2.73422E+11,2.99992E+11,3.24104E+11,2.99218E+11,2.90771E+11,2.97242E+11,2.83618E+11,3.06916E+11,2.94761E+11,3.19897E+11,3.54715E+11,3.44132E+11
Bulgaria,1.68948E+13,2.15638E+13,2.45995E+13,1.60679E+13,2.82715E+13,2.26984E+13,2.25941E+13,1.59431E+13,2.78422E+13,2.50724E+13,2.96806E+13,3.06905E+13,2.80409E+13,3.65258E+13,3.80673E+13,3.45111E+13,3.56362E+13,3.84841E+13,3.79427E+13,4.08281E+13,3.20694E+13,4.20345E+13,3.65414E+13
Burkina Faso,1.97497E+13,2.23594E+13,2.24196E+13,2.67004E+13,2.6149E+13,2.91883E+13,2.98674E+13,2.91158E+13,3.30863E+13,3.19582E+13,3.46428E+13,3.30385E+13,3.60621E+13,3.68378E+13,3.67797E+13,3.67349E+13,3.80946E+13,3.73203E+13,4.03107E+13,4.09855E+13,3.77443E+13,4.09724E+13,4.2935E+13
Burundi,5.83021E+12,7.01644E+12,7.1168E+12,7.37136E+12,7.26234E+12,7.44074E+12,7.58746E+12,7.78249E+12,8.0361E+12,8.40498E+12,8.68168E+12,8.89562E+12,7.01523E+12,8.57077E+12,7.70924E+12,7.42262E+12,8.18391E+12,8.40201E+12,9.3117E+12,9.20342E+12,8.53999E+12,9.03828E+12,9.14847E+12
Cambodia,1.81052E+13,1.83337E+13,1.7353E+13,2.0881E+13,1.91838E+13,2.50639E+13,2.64901E+13,2.85694E+13,3.06482E+13,3.31503E+13,3.49616E+13,3.73556E+13,3.9748E+13,3.98812E+13,3.95306E+13,3.90016E+13,4.17997E+13,4.6219E+13,4.74659E+13,4.58557E+13,4.62784E+13,5.05422E+13,5.04851E+13
Cameroon,2.1047E+13,2.11305E+13,2.13999E+13,2.21338E+13,2.27552E+13,2.46075E+13,2.56315E+13,2.6727E+13,2.59467E+13,2.71968E+13,2.88905E+13,2.93106E+13,3.0713E+13,3.17455E+13,3.27973E+13,3.40233E+13,3.38728E+13,3.40331E+13,3.49366E+13,3.48645E+13,3.46141E+13,3.4791E+13,3.51974E+13
Canada,2.35078E+14,2.09209E+14,1.97175E+14,2.23539E+14,2.42233E+14,2.46647E+14,2.35335E+14,2.26371E+14,2.45084E+14,2.24435E+14,2.24332E+14,2.33718E+14,2.44728E+14,3.02307E+14,2.57519E+14,2.69871E+14,2.91678E+14,2.92356E+14,2.94313E+14,2.92877E+14,3.0477E+14,2.35823E+14,3.00389E+14
Cape Verde,2.22466E+11,2.25346E+11,1.96907E+11,2.09813E+11,2.14723E+11,2.01036E+11,2.02549E+11,1.97414E+11,2.00767E+11,2.10898E+11,2.15121E+11,2.20076E+11,2.24217E+11,2.27232E+11,2.20088E+11,2.3639E+11,2.30322E+11,2.0393E+11,1.88291E+11,1.90168E+11,1.95686E+11,2.11283E+11,2.12292E+11
Central African Republic,8.64588E+12,8.86478E+12,8.99651E+12,9.09918E+12,9.31055E+12,9.48927E+12,9.75581E+12,1.02149E+13,1.02296E+13,1.04133E+13,1.13288E+13,1.19913E+13,1.2137E+13,1.16598E+13,1.19064E+13,1.21198E+13,1.26516E+13,1.25971E+13,1.28364E+13,1.293E+13,1.33119E+13,1.34607E+13,1.36769E+13
Chad,3.06722E+13,3.32729E+13,3.43398E+13,3.69807E+13,3.76825E+13,4.10476E+13,4.31366E+13,4.5504E+13,4.77584E+13,4.93571E+13,5.64712E+13,5.48359E+13,6.22207E+13,6.33377E+13,6.64772E+13,7.26377E+13,7.75784E+13,8.11429E+13,8.59424E+13,9.02108E+13,9.47376E+13,9.8276E+13,1.04112E+14
Chile,3.48492E+13,3.65281E+13,3.67667E+13,3.65244E+13,3.92204E+13,4.08934E+13,4.04967E+13,4.02893E+13,4.22815E+13,4.07531E+13,4.07456E+13,4.44049E+13,4.37195E+13,4.42829E+13,4.2525E+13,4.38384E+13,4.41343E+13,4.38475E+13,4.56486E+13,4.39827E+13,4.21169E+13,4.19334E+13,3.98209E+13
China,3.33474E+15,3.31817E+15,3.36635E+15,3.21424E+15,3.48219E+15,3.58934E+15,3.73284E+15,3.78043E+15,4.01497E+15,4.04696E+15,4.17108E+15,4.35195E+15,4.51206E+15,4.62309E+15,4.64786E+15,5.00788E+15,4.99909E+15,5.02433E+15,5.01588E+15,5.05752E+15,5.10029E+15,5.19893E+15,5.23251E+15
Colombia,9.03898E+13,9.04035E+13,9.2715E+13,9.51992E+13,9.67019E+13,9.83086E+13,9.73654E+13,9.91629E+13,9.99302E+13,1.00491E+14,9.88223E+13,9.69496E+13,8.94629E+13,9.01125E+13,9.04972E+13,9.06335E+13,9.05693E+13,8.87071E+13,9.71455E+13,1.0261E+14,1.05566E+14,1.08514E+14,1.08584E+14
Costa Rica,1.12155E+13,1.11183E+13,1.05253E+13,1.09172E+13,1.09731E+13,1.11991E+13,1.23282E+13,1.24038E+13,1.21213E+13,1.2202E+13,1.24963E+13,1.26504E+13,1.30682E+13,1.34852E+13,1.33529E+13,1.33166E+13,1.38325E+13,1.40138E+13,1.4254E+13,1.34505E+13,1.34618E+13,1.39133E+13,1.36421E+13
Croatia,1.00998E+13,1.21463E+13,1.33809E+13,9.48209E+12,1.33961E+13,1.36896E+13,1.42549E+13,1.23556E+13,1.69888E+13,1.57914E+13,1.44311E+13,1.41778E+13,1.30053E+13,1.53611E+13,1.48334E+13,1.42034E+13,1.73911E+13,1.39134E+13,1.53731E+13,1.59234E+13,1.71759E+13,1.59049E+13,1.36067E+13
Cte d'Ivoire,1.51644E+13,1.47938E+13,1.48092E+13,1.43866E+13,1.48396E+13,1.50068E+13,1.52493E+13,1.45136E+13,1.52949E+13,1.53474E+13,1.75518E+13,1.66521E+13,1.94191E+13,2.08365E+13,2.21686E+13,2.46363E+13,2.41301E+13,2.50966E+13,2.49848E+13,2.55685E+13,2.48101E+13,2.55963E+13,2.69056E+13
Cuba,3.00798E+13,2.83913E+13,2.92091E+13,2.50011E+13,2.54127E+13,1.88309E+13,1.85502E+13,1.93863E+13,2.066E+13,2.09192E+13,1.92326E+13,2.00157E+13,2.12944E+13,2.20184E+13,2.27126E+13,2.30036E+13,2.30546E+13,2.31832E+13,2.02011E+13,2.1662E+13,1.91361E+13,1.73412E+13,1.6946E+13
Cyprus,9.00649E+11,1.06192E+12,1.11259E+12,1.1265E+12,1.03134E+12,8.90861E+11,8.45818E+11,8.3506E+11,7.00418E+11,7.75503E+11,8.0922E+11,8.40993E+11,8.31148E+11,7.25608E+11,6.39689E+11,8.10982E+11,6.35428E+11,6.96328E+11,6.14665E+11,6.97502E+11,7.58899E+11,6.99293E+11,6.35773E+11
Czech Republic,2.84562E+13,3.17941E+13,2.94373E+13,2.55688E+13,3.64312E+13,3.25724E+13,2.92777E+13,3.18586E+13,3.50498E+13,3.36291E+13,3.07128E+13,3.53534E+13,3.01708E+13,3.38175E+13,3.84164E+13,3.53386E+13,3.77842E+13,3.43598E+13,3.31582E+13,3.63635E+13,3.82711E+13,3.78564E+13,3.65875E+13
Dem. Rep. Korea,1.47742E+13,1.78715E+13,1.89727E+13,1.95606E+13,1.98696E+13,2.022E+13,2.04744E+13,1.80566E+13,2.01703E+13,1.98251E+13,2.00655E+13,2.07638E+13,2.22052E+13,2.22555E+13,2.2604E+13,2.05289E+13,2.15219E+13,2.09423E+13,1.87761E+13,2.38893E+13,2.05949E+13,2.07393E+13,2.05154E+13
Democratic Republic of the Congo,4.02259E+13,4.02999E+13,4.04668E+13,4.09926E+13,4.15655E+13,4.20815E+13,4.26244E+13,4.32374E+13,4.37376E+13,4.4717E+13,5.51128E+13,5.67011E+13,5.76953E+13,5.99924E+13,6.23757E+13,6.30278E+13,6.45082E+13,6.57586E+13,6.68297E+13,6.79022E+13,6.99309E+13,7.18462E+13,7.36843E+13
Denmark,3.326E+13,3.25824E+13,3.12764E+13,3.14084E+13,3.12815E+13,3.14659E+13,2.94429E+13,2.89769E+13,3.06052E+13,3.23157E+13,3.0248E+13,3.03263E+13,3.16236E+13,3.11363E+13,3.25663E+13,3.25953E+13,3.06358E+13,3.27552E+13,2.5596E+13,3.09926E+13,3.09237E+13,2.94663E+13,3.10393E+13
Djibouti,8.83337E+11,8.85925E+11,8.88531E+11,8.9066E+11,8.87811E+11,8.99616E+11,8.835E+11,8.97706E+11,9.00089E+11,9.0463E+11,9.06341E+11,9.08163E+11,9.17282E+11,9.18962E+11,9.22142E+11,9.27351E+11,9.33033E+11,9.48077E+11,9.5844E+11,9.621E+11,9.68253E+11,9.61591E+11,9.5818E+11
Dominica,1.17145E+11,1.03735E+11,1.03116E+11,94934655658,98582082241,95830276082,99978694700,95299525586,1.03434E+11,1.06333E+11,96743233099,1.02017E+11,99389953133,1.01641E+11,99742554143,1.0068E+11,99871409187,99934034000,1.00119E+11,1.0014E+11,1.00065E+11,1.00381E+11,1.00324E+11
Dominican Republic,1.13419E+13,1.21508E+13,1.3515E+13,1.31343E+13,1.42356E+13,1.44E+13,1.50908E+13,1.61303E+13,1.54912E+13,1.62466E+13,1.693E+13,1.69473E+13,1.68544E+13,1.73791E+13,1.81693E+13,1.79985E+13,1.81253E+13,1.91054E+13,1.9898E+13,1.97573E+13,1.98012E+13,2.07018E+13,2.14009E+13
Ecuador,2.77326E+13,2.93362E+13,2.95436E+13,3.06347E+13,3.19937E+13,3.12696E+13,3.08385E+13,3.19568E+13,3.3056E+13,3.50641E+13,3.61885E+13,3.44752E+13,3.48564E+13,3.34546E+13,3.52393E+13,3.64567E+13,3.27673E+13,3.3649E+13,3.17932E+13,3.3109E+13,3.32885E+13,3.47908E+13,3.23535E+13
Egypt,8.99943E+13,8.56856E+13,9.12908E+13,9.25975E+13,9.34872E+13,9.97434E+13,1.0046E+14,9.90993E+13,1.05637E+14,1.03026E+14,9.45598E+13,1.02259E+14,1.09571E+14,1.11174E+14,1.10981E+14,1.11402E+14,1.10788E+14,1.10134E+14,9.19605E+13,1.06788E+14,1.08533E+14,1.12653E+14,1.13338E+14
El Salvador,9.07036E+12,9.25381E+12,9.37579E+12,9.07121E+12,9.56375E+12,9.51942E+12,1.0022E+13,9.99719E+12,1.05902E+13,1.05305E+13,1.00665E+13,9.84268E+12,1.08423E+13,1.05075E+13,1.0565E+13,1.01416E+13,1.07654E+13,1.05932E+13,9.96796E+12,1.03255E+13,1.02762E+13,1.05673E+13,1.03709E+13
Equatorial Guinea,5.00279E+11,4.83891E+11,4.64737E+11,4.125E+11,4.30578E+11,4.9227E+11,4.83602E+11,4.58529E+11,4.60493E+11,4.62384E+11,3.89732E+11,4.00881E+11,4.22308E+11,4.34452E+11,4.78557E+11,5.62335E+11,6.39274E+11,7.16192E+11,7.5401E+11,7.5678E+11,7.55723E+11,7.56015E+11,7.5536E+11
Eritrea,5.3728E+12,5.33263E+12,4.54086E+12,4.75056E+12,4.76677E+12,5.26628E+12,5.31985E+12,5.63918E+12,4.92879E+12,5.05915E+12,5.11461E+12,5.31629E+12,5.33828E+12,5.37586E+12,5.39436E+12,5.41919E+12,5.45032E+12,5.48488E+12,5.51252E+12,5.52413E+12,5.53555E+12,5.56042E+12,5.58419E+12
Estonia,4.88844E+12,4.95168E+12,5.05263E+12,5.00639E+12,4.12875E+12,4.18333E+12,3.76181E+12,4.40506E+12,4.38357E+12,4.73259E+12,4.69143E+12,5.15903E+12,6.15428E+12,6.2088E+12,6.8515E+12,8.20246E+12,6.38543E+12,8.04109E+12,6.77015E+12,8.71516E+12,8.86577E+12,7.45047E+12,8.39215E+12
Ethiopia,1.06981E+14,1.14948E+14,1.24111E+14,1.24115E+14,1.27605E+14,1.3664E+14,1.43062E+14,1.52616E+14,1.5803E+14,1.65507E+14,1.75436E+14,1.75999E+14,1.82066E+14,1.90017E+14,1.99365E+14,2.06025E+14,2.11522E+14,2.18932E+14,2.23373E+14,2.36004E+14,2.46348E+14,2.3744E+14,2.41764E+14
Finland,2.72253E+13,2.59102E+13,2.67322E+13,2.64341E+13,2.61335E+13,2.66302E+13,2.56318E+13,2.75119E+13,2.618E+13,2.41325E+13,2.42068E+13,2.57091E+13,2.52837E+13,2.7473E+13,2.7719E+13,2.74339E+13,2.77717E+13,2.79159E+13,2.77832E+13,2.90931E+13,2.68682E+13,2.69918E+13,2.85753E+13
France,2.79817E+14,2.62903E+14,2.82396E+14,2.4691E+14,2.79325E+14,2.64907E+14,2.56715E+14,2.54765E+14,2.74735E+14,2.79932E+14,2.69109E+14,2.67636E+14,2.70623E+14,2.68242E+14,2.8359E+14,2.82292E+14,2.44886E+14,2.80037E+14,2.56606E+14,2.68827E+14,2.34389E+14,2.58904E+14,2.37348E+14
French Guiana,1.33941E+11,1.64431E+11,1.42444E+11,1.5127E+11,1.60624E+11,1.51181E+11,1.49873E+11,62695000000,70179285714,76876428571,74167500000,76911071429,79006785714,79615714286,82525000000,91906071429,75811071429,84351785714,81879642857,83011785714,84167142857,85376785714,86611071429
Gabon,1.77345E+12,1.76238E+12,1.80231E+12,2.10189E+12,1.95876E+12,2.1877E+12,2.29174E+12,2.27166E+12,2.26146E+12,1.992E+12,1.76766E+12,1.70501E+12,1.80233E+12,1.91239E+12,2.0023E+12,1.93948E+12,1.94591E+12,2.06461E+12,1.97578E+12,2.01687E+12,2.29742E+12,2.31284E+12,2.30619E+12
Georgia,3.67524E+12,4.29833E+12,4.31583E+12,4.72049E+12,4.49345E+12,4.79926E+12,3.49473E+12,3.83963E+12,3.79638E+12,3.6102E+12,3.26735E+12,3.79844E+12,3.7225E+12,4.24711E+12,4.12532E+12,3.49707E+12,3.63119E+12,3.2848E+12,3.51338E+12,3.46129E+12,3.62023E+12,3.6946E+12,3.53971E+12
Germany,1.94714E+14,2.00915E+14,1.87065E+14,1.767E+14,2.0692E+14,1.96238E+14,1.89025E+14,1.90757E+14,2.05576E+14,2.06316E+14,1.93676E+14,1.90504E+14,1.97091E+14,2.00831E+14,2.13655E+14,2.00512E+14,1.94818E+14,1.98133E+14,1.71755E+14,1.8518E+14,1.85408E+14,1.82717E+14,1.78078E+14
Ghana,2.32667E+13,2.40057E+13,2.78634E+13,2.83063E+13,2.79467E+13,2.91733E+13,3.00223E+13,2.89198E+13,3.3407E+13,3.63131E+13,3.85586E+13,3.84711E+13,4.03477E+13,4.0673E+13,4.2004E+13,4.24175E+13,4.30127E+13,4.56803E+13,4.92082E+13,5.33721E+13,5.54828E+13,5.73825E+13,5.96602E+13
Greece,2.97536E+13,2.97474E+13,2.92432E+13,2.86467E+13,2.91748E+13,2.95118E+13,2.79734E+13,2.71397E+13,2.91854E+13,2.88371E+13,2.76228E+13,2.77237E+13,2.75737E+13,2.80183E+13,2.58505E+13,2.61285E+13,2.50902E+13,2.50637E+13,2.28418E+13,2.18706E+13,2.2033E+13,2.33682E+13,1.77073E+13
Grenada,41888632319,42306533270,43085328580,43137847417,41508697013,38102239985,43885338560,43980981093,43227889596,42582580837,44398784199,46172105852,46837557254,48123690715,49434827754,51234743210,50851498349,48923349497,48105470353,44954418551,42184793128,43891342159,41832793977
Guadeloupe,6.08973E+11,5.30281E+11,6.24599E+11,5.86092E+11,6.51083E+11,6.28289E+11,5.67448E+11,5395357143,5365357143,5413928571,5365714286,5361785714,5361785714,5381071429,5363571429,5377500000,5386428571,5357142857,5357142857,5357142857,5357142857,5357142857,5357142857
Guatemala,2.23656E+13,2.38353E+13,2.47683E+13,2.43938E+13,2.60996E+13,2.60711E+13,2.66829E+13,2.89774E+13,2.96002E+13,3.12175E+13,3.18097E+13,3.18623E+13,3.39986E+13,3.59563E+13,3.93046E+13,4.08796E+13,4.13255E+13,3.93181E+13,4.05396E+13,4.08342E+13,4.10553E+13,4.13864E+13,4.12157E+13
Guinea,1.4395E+13,1.45588E+13,1.51533E+13,1.57797E+13,1.64415E+13,1.71142E+13,1.77453E+13,1.84468E+13,1.90982E+13,1.92619E+13,2.03412E+13,2.10867E+13,2.20377E+13,2.29101E+13,2.3479E+13,2.44348E+13,2.53026E+13,2.64266E+13,2.74544E+13,2.81187E+13,2.92636E+13,3.03358E+13,3.15612E+13
Guinea-Bissau,2.19144E+12,2.18462E+12,2.18041E+12,2.18844E+12,2.25714E+12,2.4106E+12,2.48736E+12,2.4724E+12,2.64881E+12,2.68303E+12,2.81969E+12,2.78576E+12,2.88782E+12,2.97006E+12,2.83189E+12,2.96109E+12,3.03531E+12,3.05747E+12,3.12494E+12,3.20281E+12,3.25469E+12,3.33634E+12,3.41937E+12
Guyana,3.27863E+12,3.62385E+12,3.74467E+12,3.8844E+12,3.97848E+12,3.37482E+12,3.53616E+12,3.54215E+12,3.46155E+12,3.60663E+12,3.63381E+12,4.01083E+12,3.83779E+12,4.22992E+12,4.86629E+12,5.15011E+12,4.20452E+12,4.40437E+12,4.10692E+12,4.28599E+12,4.37257E+12,3.82371E+12,3.94325E+12
Haiti,7.6601E+12,7.58406E+12,7.53336E+12,7.5971E+12,7.79096E+12,7.91191E+12,7.90402E+12,8.28562E+12,8.0736E+12,8.57848E+12,8.84325E+12,8.96745E+12,8.7238E+12,9.1813E+12,9.25972E+12,8.9754E+12,9.03414E+12,8.99941E+12,8.71856E+12,8.4772E+12,8.13955E+12,8.41232E+12,8.35832E+12
Honduras,1.18373E+13,1.20583E+13,1.30081E+13,1.45823E+13,1.48835E+13,1.54286E+13,1.52091E+13,1.57017E+13,1.54796E+13,1.60965E+13,1.51321E+13,1.53754E+13,1.57698E+13,1.58724E+13,1.56063E+13,1.59363E+13,1.62218E+13,1.65311E+13,1.67917E+13,1.63711E+13,1.62799E+13,1.59616E+13,1.63952E+13
Hong Kong,6.71717E+11,6.49862E+11,6.20922E+11,6.09614E+11,4.7516E+11,4.83919E+11,4.48001E+11,4.5904E+11,4.2355E+11,4.38738E+11,4.19763E+11,3.84774E+11,3.95022E+11,3.97125E+11,3.91814E+11,4.13001E+11,3.9766E+11,3.94016E+11,4.00553E+11,3.97459E+11,4.00848E+11,3.72138E+11,3.84478E+11
Hungary,3.82231E+13,5.51096E+13,4.4533E+13,3.56014E+13,6.27808E+13,6.03511E+13,5.4972E+13,3.91863E+13,6.25897E+13,5.16697E+13,4.64458E+13,5.23561E+13,4.13572E+13,5.25388E+13,6.29551E+13,5.44861E+13,6.43666E+13,5.6545E+13,5.53767E+13,5.69948E+13,5.62619E+13,5.13569E+13,3.39423E+13
Iceland,6.01063E+11,5.95142E+11,5.88898E+11,5.90895E+11,5.79938E+11,5.85617E+11,5.96515E+11,6.14706E+11,6.18829E+11,6.22838E+11,6.25517E+11,6.34872E+11,6.331E+11,6.13495E+11,6.31235E+11,6.52627E+11,6.63042E+11,6.5588E+11,6.44271E+11,6.41424E+11,6.11838E+11,5.97236E+11,5.87174E+11
India,1.19058E+15,1.20446E+15,1.13789E+15,1.2093E+15,1.18578E+15,1.2253E+15,1.26267E+15,1.3615E+15,1.3653E+15,1.29987E+15,1.37274E+15,1.46085E+15,1.48151E+15,1.49583E+15,1.50298E+15,1.45542E+15,1.49523E+15,1.54234E+15,1.62119E+15,1.64189E+15,1.6851E+15,1.76121E+15,1.77807E+15
Indonesia,3.26866E+14,3.2327E+14,3.35238E+14,3.48065E+14,3.63713E+14,3.81505E+14,3.82135E+14,3.84804E+14,4.15344E+14,4.27427E+14,4.76524E+14,4.81911E+14,5.04667E+14,5.16566E+14,5.14062E+14,5.26454E+14,5.2482E+14,5.90777E+14,6.17121E+14,5.6013E+14,5.52714E+14,5.53643E+14,5.84075E+14
Iran,7.85178E+13,8.43811E+13,9.51584E+13,1.00031E+14,1.03801E+14,1.06467E+14,1.07484E+14,1.13795E+14,8.27235E+13,9.67419E+13,1.02914E+14,9.58938E+13,9.85438E+13,1.02141E+14,9.69938E+13,1.01776E+14,1.10341E+14,1.00665E+14,1.01677E+14,1.07652E+14,9.78114E+13,9.93317E+13,9.90533E+13
Iraq,8.77459E+12,1.06804E+13,1.54434E+13,1.34752E+13,1.25112E+13,1.38466E+13,1.37399E+13,1.40181E+13,1.12482E+13,1.32468E+13,1.69994E+13,1.72413E+13,1.8427E+13,2.16592E+13,2.2766E+13,1.35439E+13,1.47692E+13,1.44387E+13,1.24833E+13,2.25735E+13,2.87102E+13,1.98331E+13,1.6022E+13
Ireland,3.06238E+13,3.03888E+13,2.9525E+13,2.99997E+13,3.08936E+13,2.92014E+13,2.86412E+13,2.80539E+13,2.85728E+13,2.76872E+13,2.70572E+13,2.7743E+13,2.75771E+13,2.86526E+13,2.93355E+13,2.9503E+13,2.96809E+13,3.05711E+13,2.66636E+13,2.75882E+13,2.70578E+13,2.79015E+13,2.81007E+13
Israel,4.69756E+12,5.0123E+12,5.0773E+12,5.29392E+12,5.27735E+12,5.50448E+12,5.51119E+12,5.74756E+12,5.52345E+12,5.66509E+12,5.73082E+12,5.78201E+12,6.2045E+12,5.99498E+12,5.89201E+12,6.43902E+12,6.08876E+12,6.26528E+12,6.15793E+12,6.51129E+12,6.74733E+12,6.58972E+12,6.65997E+12
Italy,1.11382E+14,1.0399E+14,1.07572E+14,9.47741E+13,1.09201E+14,1.08502E+14,9.97922E+13,9.9671E+13,1.02483E+14,9.5191E+13,9.73748E+13,9.81329E+13,9.38773E+13,9.30053E+13,9.52997E+13,9.31545E+13,9.50194E+13,8.99289E+13,8.73876E+13,8.85312E+13,9.24798E+13,8.78345E+13,7.809E+13
Jamaica,3.03293E+12,3.17211E+12,3.04846E+12,3.04292E+12,3.03835E+12,2.7197E+12,2.62662E+12,2.67936E+12,2.499E+12,2.3638E+12,2.34529E+12,2.39929E+12,2.40908E+12,2.35938E+12,2.51172E+12,2.42897E+12,2.29146E+12,2.31449E+12,2.30039E+12,2.20034E+12,2.07782E+12,2.09689E+12,2.1115E+12
Japan,5.50494E+13,5.3422E+13,5.31376E+13,5.01849E+13,5.23576E+13,5.31821E+13,5.1925E+13,5.33782E+13,5.37848E+13,5.17106E+13,5.09471E+13,4.99074E+13,5.14333E+13,5.36012E+13,5.44406E+13,5.4266E+13,5.43289E+13,5.56351E+13,5.51763E+13,5.62633E+13,5.6423E+13,5.77772E+13,5.72934E+13
Jordan,1.92094E+12,1.96693E+12,2.16991E+12,2.17509E+12,2.27954E+12,2.43024E+12,2.24135E+12,2.39499E+12,2.57483E+12,2.61494E+12,2.90248E+12,2.93066E+12,2.95117E+12,3.04918E+12,3.1919E+12,3.34529E+12,3.50343E+12,3.40566E+12,3.39965E+12,3.403E+12,3.49176E+12,3.79187E+12,3.75024E+12
Kazakhstan,3.88094E+13,5.3037E+13,5.34974E+13,5.02228E+13,4.26186E+13,4.74177E+13,5.58083E+13,6.72844E+13,5.25302E+13,7.01483E+13,4.28291E+13,9.07702E+13,4.6105E+13,6.46506E+13,6.14658E+13,6.63892E+13,7.38605E+13,7.51843E+13,7.59816E+13,6.6401E+13,7.47983E+13,6.36257E+13,8.32189E+13
Kenya,4.38542E+13,4.5823E+13,4.67026E+13,4.70147E+13,4.80357E+13,5.14967E+13,5.02159E+13,6.40376E+13,6.4507E+13,6.27148E+13,6.56114E+13,6.54134E+13,6.70198E+13,6.69852E+13,6.66939E+13,6.8307E+13,7.02949E+13,6.70439E+13,7.15875E+13,7.87961E+13,8.6565E+13,7.86032E+13,8.00376E+13
Kuwait,8.10173E+11,7.47532E+11,8.71424E+11,9.32809E+11,8.67361E+11,9.48237E+11,9.12406E+11,9.54769E+11,1.00634E+12,1.09451E+12,9.75934E+11,1.16314E+12,1.22754E+12,1.21188E+12,1.33395E+12,1.32375E+12,1.36023E+12,1.40789E+12,1.43064E+12,1.53377E+12,1.55711E+12,1.59106E+12,1.599E+12
Kyrgyzstan,6.86613E+12,7.3454E+12,7.31451E+12,7.4524E+12,7.5016E+12,7.18718E+12,7.0677E+12,7.00805E+12,7.10687E+12,8.16537E+12,7.66564E+12,7.81395E+12,7.63826E+12,8.50411E+12,7.95258E+12,8.88917E+12,9.18793E+12,9.211E+12,9.51742E+12,9.71596E+12,9.79553E+12,8.81313E+12,9.87549E+12
Lao PDR,1.04351E+13,1.07631E+13,1.1139E+13,1.12625E+13,1.18385E+13,1.26907E+13,1.33878E+13,1.46322E+13,1.71257E+13,1.78558E+13,1.77423E+13,1.8744E+13,2.01759E+13,2.06283E+13,2.4263E+13,2.56355E+13,2.5958E+13,2.35982E+13,2.15522E+13,2.03422E+13,2.01236E+13,1.93958E+13,2.00253E+13
Latvia,7.43566E+12,7.02245E+12,7.6827E+12,7.40397E+12,7.79394E+12,8.54374E+12,7.96626E+12,9.03274E+12,8.31091E+12,8.6655E+12,8.7289E+12,8.64834E+12,1.12033E+13,1.0382E+13,1.11567E+13,1.38588E+13,1.31353E+13,1.34081E+13,1.06076E+13,1.48836E+13,1.61696E+13,1.47114E+13,1.54206E+13
Lebanon,2.56141E+12,2.45361E+12,2.48154E+12,2.6341E+12,2.77456E+12,2.74875E+12,2.70577E+12,2.69891E+12,2.8108E+12,2.76654E+12,2.436E+12,2.78638E+12,2.95207E+12,2.78557E+12,2.91672E+12,3.1017E+12,3.40938E+12,3.36982E+12,3.24319E+12,3.22728E+12,3.20337E+12,3.21344E+12,3.1858E+12
Lesotho,2.72821E+12,2.91419E+12,2.53464E+12,2.49164E+12,2.40724E+12,2.59301E+12,2.48717E+12,2.46313E+12,2.42795E+12,2.45054E+12,2.61248E+12,2.47492E+12,2.48368E+12,2.36361E+12,2.35544E+12,2.27565E+12,2.1308E+12,2.67732E+12,2.347E+12,1.97687E+12,1.70918E+12,1.9652E+12,1.97919E+12
Liberia,3.29902E+12,3.2696E+12,3.36134E+12,3.21199E+12,3.09875E+12,3.33578E+12,3.46332E+12,3.79073E+12,4.10761E+12,4.18415E+12,4.31242E+12,4.38788E+12,4.52389E+12,4.52151E+12,4.62994E+12,4.79241E+12,5.04974E+12,4.84758E+12,4.99936E+12,5.17662E+12,5.31235E+12,5.34691E+12,5.57468E+12
Libya,3.55658E+12,3.65661E+12,3.77673E+12,3.94571E+12,4.02031E+12,4.16429E+12,4.28537E+12,4.58343E+12,4.62772E+12,4.72731E+12,4.93894E+12,5.02215E+12,5.11695E+12,5.13996E+12,5.09751E+12,4.99436E+12,5.11251E+12,4.95453E+12,5.20796E+12,5.1442E+12,5.06328E+12,5.03261E+12,5.13765E+12
Lithuania,1.09554E+13,9.92752E+12,1.08427E+13,1.11016E+13,1.18699E+13,1.16534E+13,8.89827E+12,1.25472E+13,1.34568E+13,1.50329E+13,1.24203E+13,1.40319E+13,1.88547E+13,1.81215E+13,2.02753E+13,2.31586E+13,2.05389E+13,2.096E+13,1.63058E+13,2.01616E+13,2.46085E+13,2.07088E+13,2.15886E+13
Luxembourg,1.03061E+12,1.02197E+12,1.05834E+12,1.02658E+12,1.05903E+12,1.00962E+12,1.01465E+12,1.02079E+12,1.1094E+12,1.10356E+12,1.09561E+12,1.03252E+12,1.01241E+12,1.03916E+12,1.06633E+12,1.09242E+12,1.0028E+12,1.03209E+12,1.04678E+12,1.03046E+12,9.81643E+11,9.39978E+11,9.56089E+11
Macao,71964734418,68985651044,64888164645,62938423606,68445705005,59904167458,59573514160,66821955703,54844265120,54071326722,53193510973,54268137286,54804233981,54652752685,52150748098,50607778699,49566911430,48407299660,47072614712,46046922487,45452072878,45786968557,45458648986
Macedonia,3.25235E+12,2.84983E+12,2.96E+12,2.90992E+12,3.4008E+12,3.23193E+12,3.14185E+12,2.63848E+12,2.99637E+12,2.89529E+12,2.82008E+12,2.78439E+12,2.58257E+12,2.79479E+12,2.8679E+12,2.76214E+12,3.09162E+12,2.47985E+12,2.93337E+12,2.97814E+12,3.13892E+12,2.96796E+12,2.98123E+12
Madagascar,2.50013E+13,2.36246E+13,2.24347E+13,2.33651E+13,2.40811E+13,2.70721E+13,2.82377E+13,2.85785E+13,2.93005E+13,3.07932E+13,3.12382E+13,3.07257E+13,3.14485E+13,2.94634E+13,3.05641E+13,3.02608E+13,3.05853E+13,3.0223E+13,2.88705E+13,2.89537E+13,2.94081E+13,3.02051E+13,3.07267E+13
Malawi,1.67853E+13,1.41244E+13,1.29655E+13,1.49989E+13,1.3394E+13,1.1577E+13,1.85164E+13,2.17888E+13,1.94811E+13,2.39468E+13,2.3299E+13,2.49125E+13,2.53307E+13,2.61983E+13,2.88879E+13,2.33172E+13,2.1154E+13,2.70386E+13,2.39586E+13,2.75235E+13,2.93732E+13,3.34296E+13,2.98849E+13
Malaysia,6.84586E+13,6.85358E+13,6.90224E+13,7.66719E+13,8.00323E+13,8.41601E+13,8.66609E+13,8.7365E+13,9.38029E+13,9.13936E+13,8.87406E+13,9.68202E+13,9.86335E+13,9.81172E+13,9.96844E+13,1.0058E+14,9.01944E+13,1.02746E+14,1.00521E+14,1.00193E+14,9.87204E+13,9.43584E+13,9.4979E+13
Mali,2.07994E+13,2.18462E+13,2.27807E+13,2.54932E+13,2.51749E+13,2.69533E+13,2.73095E+13,2.90825E+13,3.19354E+13,3.53819E+13,3.58957E+13,3.85326E+13,4.00336E+13,4.19782E+13,4.23244E+13,4.54659E+13,4.94996E+13,5.17557E+13,5.46023E+13,5.61234E+13,5.75495E+13,5.57484E+13,5.77213E+13
Martinique,5.25564E+11,4.81275E+11,5.1324E+11,4.65723E+11,4.77784E+11,4.32116E+11,3.98217E+11,4334285714,4432857143,4458928571,4438214286,4330357143,4330357143,4570357143,4078928571,3913928571,4521785714,3571428571,3571428571,3571428571,3571428571,8375357143,8348928571
Mauritania,8.70653E+12,8.92235E+12,9.17582E+12,9.48521E+12,9.20607E+12,9.4449E+12,9.73341E+12,9.40833E+12,8.92462E+12,9.40177E+12,9.82664E+12,9.89073E+12,1.03624E+13,1.057E+13,1.09302E+13,1.11574E+13,1.11355E+13,1.12121E+13,1.13904E+13,1.15274E+13,1.17233E+13,1.18809E+13,1.20705E+13
Mexico,2.02931E+14,2.13005E+14,2.09872E+14,2.16714E+14,2.21008E+14,2.14524E+14,2.23209E+14,2.28619E+14,2.34428E+14,2.23744E+14,2.33209E+14,2.19956E+14,2.31458E+14,2.37347E+14,2.44134E+14,2.40788E+14,2.51244E+14,2.52264E+14,2.52026E+14,2.54377E+14,2.54824E+14,2.57724E+14,2.57407E+14
Moldova,8.13326E+12,1.01666E+13,1.0376E+13,8.95915E+12,1.18016E+13,1.12513E+13,9.83347E+12,7.52859E+12,1.26782E+13,8.92916E+12,1.02642E+13,1.05578E+13,6.02146E+12,1.18866E+13,1.3143E+13,9.88719E+12,1.30296E+13,1.4742E+13,1.52833E+13,1.54463E+13,7.69772E+12,1.91129E+13,8.79254E+12
Mongolia,1.87996E+13,1.60362E+13,1.30739E+13,1.22723E+13,1.22345E+13,1.3283E+13,1.4547E+13,1.61565E+13,1.71062E+13,1.81028E+13,1.44998E+13,1.59112E+13,1.75497E+13,1.93029E+13,2.24508E+13,2.36621E+13,2.64204E+13,2.77486E+13,2.87445E+13,3.06252E+13,3.08303E+13,3.07232E+13,3.30703E+13
Montenegro,4.55785E+11,4.44336E+11,4.31327E+11,4.35816E+11,4.48452E+11,4.14476E+11,6.75481E+11,5.934E+11,5.58426E+11,5.00446E+11,6.97767E+11,6.94716E+11,7.14022E+11,7.25636E+11,7.36309E+11,7.66521E+11,8.20942E+11,8.01159E+11,7.64039E+11,7.60831E+11,7.61204E+11,7.41331E+11,7.50949E+11
Morocco,2.57938E+13,3.05066E+13,3.20909E+13,3.79486E+13,3.94279E+13,3.06343E+13,4.11303E+13,2.74536E+13,3.35991E+13,4.43501E+13,3.96501E+13,4.28186E+13,3.53286E+13,4.51011E+13,4.05835E+13,5.03264E+13,3.41969E+13,4.77183E+13,4.91736E+13,3.99948E+13,3.53318E+13,5.00622E+13,3.54711E+13
Mozambique,1.57335E+13,1.57534E+13,1.52329E+13,1.68932E+13,1.62554E+13,1.52342E+13,1.79634E+13,1.68145E+13,1.67264E+13,2.04711E+13,2.35357E+13,2.46447E+13,2.46819E+13,1.89679E+13,1.97601E+13,1.83672E+13,1.86322E+13,1.96345E+13,2.14338E+13,2.19543E+13,2.19715E+13,2.33693E+13,2.37392E+13
Myanmar,9.72453E+13,1.0169E+14,1.02326E+14,1.09697E+14,1.15911E+14,1.27535E+14,1.40887E+14,1.45237E+14,1.51708E+14,1.53179E+14,1.53958E+14,1.43478E+14,1.36495E+14,1.39991E+14,1.37205E+14,1.36098E+14,1.34397E+14,1.32583E+14,1.3852E+14,1.34525E+14,1.3319E+14,1.37611E+14,1.28487E+14
Namibia,5.20333E+12,5.06944E+12,4.90839E+12,4.99496E+12,5.01638E+12,6.02093E+12,5.22117E+12,5.06173E+12,5.37128E+12,5.2844E+12,5.2673E+12,5.20161E+12,5.94211E+12,5.25412E+12,5.60595E+12,5.51476E+12,5.89209E+12,5.79296E+12,5.64646E+12,5.51482E+12,5.30401E+12,5.77861E+12,6.01065E+12
Nepal,3.55647E+13,3.58578E+13,3.62742E+13,3.7435E+13,3.74735E+13,3.80002E+13,3.72248E+13,3.91873E+13,4.01458E+13,3.93354E+13,4.08892E+13,4.35688E+13,4.3702E+13,4.42909E+13,4.46691E+13,4.3816E+13,4.62038E+13,4.61346E+13,4.77822E+13,4.82155E+13,5.01164E+13,4.92412E+13,5.0013E+13
Netherlands,3.259E+13,3.04393E+13,3.04003E+13,2.86022E+13,2.9695E+13,2.96273E+13,2.88318E+13,2.9267E+13,3.0428E+13,3.12694E+13,3.06132E+13,3.07163E+13,3.06478E+13,3.12848E+13,3.28472E+13,3.25257E+13,3.28983E+13,3.38411E+13,3.18501E+13,3.24448E+13,3.17637E+13,3.09742E+13,2.97311E+13
New Zealand,5.29003E+13,5.31864E+13,5.43266E+13,5.49489E+13,5.42507E+13,5.39333E+13,5.38522E+13,5.44956E+13,5.3739E+13,5.39541E+13,5.39274E+13,5.43094E+13,5.53539E+13,5.61655E+13,5.69572E+13,5.66146E+13,5.68559E+13,5.7298E+13,5.79377E+13,5.8106E+13,5.72286E+13,5.80454E+13,5.71995E+13
Nicaragua,1.28296E+13,1.27342E+13,1.31958E+13,1.43328E+13,1.37004E+13,1.43439E+13,1.45774E+13,1.45976E+13,1.44946E+13,1.52628E+13,1.53816E+13,1.6846E+13,1.77313E+13,1.8039E+13,1.8261E+13,1.83252E+13,1.8687E+13,1.92505E+13,1.93779E+13,1.95819E+13,1.99275E+13,2.0264E+13,2.05271E+13
Niger,2.29093E+13,2.56773E+13,2.71459E+13,2.80454E+13,2.71806E+13,3.02479E+13,3.19581E+13,3.27476E+13,3.66481E+13,3.43162E+13,3.84937E+13,3.60251E+13,4.00056E+13,3.97514E+13,4.19668E+13,4.4453E+13,4.6782E+13,4.82781E+13,5.08197E+13,5.07786E+13,5.3683E+13,4.98326E+13,5.77542E+13
Nigeria,1.53012E+14,1.48036E+14,1.55124E+14,1.62758E+14,1.71482E+14,1.80686E+14,1.95142E+14,1.85372E+14,1.98606E+14,1.58026E+14,1.77513E+14,1.60258E+14,1.69845E+14,1.63173E+14,1.88097E+14,1.86602E+14,2.10838E+14,2.12067E+14,2.15447E+14,2.11342E+14,2.13743E+14,2.22494E+14,2.25819E+14
Norway,9.27401E+12,9.20925E+12,9.04038E+12,9.23457E+12,9.68311E+12,9.5741E+12,9.48311E+12,9.66181E+12,1.00581E+13,8.99094E+12,9.6562E+12,9.20275E+12,9.4132E+12,9.58324E+12,1.03067E+13,1.02872E+13,1.03757E+13,1.04328E+13,9.38652E+12,1.04757E+13,1.02478E+13,1.04814E+13,1.07676E+13
Oman,1.36669E+12,1.42045E+12,1.40043E+12,1.40704E+12,1.48665E+12,1.54398E+12,1.56158E+12,1.59844E+12,1.66364E+12,1.74782E+12,1.79911E+12,1.85814E+12,1.87588E+12,2.24676E+12,2.25527E+12,2.39025E+12,2.42821E+12,2.5119E+12,2.55269E+12,2.62202E+12,2.91728E+12,2.8825E+12,3.09577E+12
Pakistan,1.7989E+14,1.74933E+14,1.79123E+14,1.86999E+14,1.9168E+14,1.97856E+14,2.04865E+14,2.18727E+14,2.26796E+14,2.29393E+14,2.26188E+14,2.43189E+14,2.42918E+14,2.59339E+14,2.66988E+14,2.70601E+14,2.82426E+14,2.94971E+14,2.91896E+14,2.99176E+14,3.18218E+14,3.34309E+14,3.32109E+14
Palestine,1.05654E+12,1.04766E+12,1.1689E+12,1.03751E+12,1.00529E+12,1.07325E+12,9.74806E+11,9.1249E+11,8.72714E+11,7.91616E+11,7.02384E+11,8.09719E+11,7.88998E+11,7.94263E+11,8.25785E+11,7.44914E+11,8.07721E+11,8.25466E+11,1.05912E+12,9.46304E+11,8.29735E+11,8.26619E+11,8.09947E+11
Panama,6.2421E+12,6.42968E+12,6.55978E+12,6.59617E+12,6.43536E+12,6.58572E+12,6.74721E+12,6.75075E+12,6.84984E+12,6.67554E+12,6.8311E+12,7.2456E+12,7.26828E+12,7.43465E+12,7.44626E+12,7.25725E+12,7.43387E+12,7.48269E+12,7.81354E+12,7.84144E+12,7.91099E+12,7.98048E+12,7.99255E+12
Papua New Guinea,7.17915E+12,6.80551E+12,6.98414E+12,7.12296E+12,7.1648E+12,7.35324E+12,7.56809E+12,8.06887E+12,8.27721E+12,8.29143E+12,9.13421E+12,9.1695E+12,9.15029E+12,9.40684E+12,1.0186E+13,1.01038E+13,1.02014E+13,1.0219E+13,1.02725E+13,1.03407E+13,1.01648E+13,1.0244E+13,1.03465E+13
Paraguay,3.37582E+13,3.67888E+13,3.55029E+13,4.00144E+13,3.85013E+13,3.90244E+13,4.06533E+13,4.74167E+13,4.86964E+13,4.49286E+13,5.80298E+13,6.07271E+13,5.24499E+13,6.63989E+13,6.82733E+13,7.00662E+13,7.0562E+13,7.34195E+13,7.33723E+13,7.05722E+13,7.78183E+13,7.23507E+13,6.17461E+13
Peru,4.3934E+13,4.41297E+13,4.5813E+13,4.6621E+13,4.53443E+13,4.78653E+13,4.87687E+13,4.99006E+13,5.23703E+13,5.41236E+13,5.52277E+13,5.53965E+13,5.65364E+13,5.74492E+13,5.81913E+13,5.87416E+13,5.85625E+13,5.79573E+13,6.04498E+13,6.08423E+13,6.04936E+13,6.23676E+13,6.28707E+13
Philippines,9.0611E+13,9.29537E+13,9.37508E+13,9.73047E+13,1.0474E+14,1.04004E+14,1.10725E+14,1.16075E+14,1.22594E+14,1.19877E+14,1.13048E+14,1.23714E+14,1.29021E+14,1.28571E+14,1.30893E+14,1.26424E+14,1.22592E+14,1.34308E+14,1.31242E+14,1.29103E+14,1.32662E+14,1.36555E+14,1.3377E+14
Poland,9.17387E+13,1.04616E+14,1.05337E+14,9.38021E+13,1.16463E+14,1.05875E+14,9.07608E+13,1.09481E+14,1.09234E+14,1.1815E+14,1.08629E+14,1.08454E+14,1.15195E+14,1.16589E+14,1.31249E+14,1.15125E+14,1.22947E+14,1.318E+14,1.12341E+14,1.15209E+14,1.37769E+14,1.36011E+14,1.39588E+14
Portugal,1.73908E+13,1.59064E+13,1.65409E+13,1.58654E+13,1.67951E+13,1.56438E+13,1.62188E+13,1.57606E+13,1.62636E+13,1.55854E+13,1.52055E+13,1.59925E+13,1.5796E+13,1.61146E+13,1.67279E+13,1.72649E+13,1.78465E+13,1.87783E+13,1.81665E+13,1.8669E+13,1.9115E+13,1.89984E+13,1.66939E+13
Puerto Rico,1.46954E+12,1.39719E+12,1.41442E+12,1.33133E+12,1.26693E+12,1.25201E+12,1.23079E+12,1.21253E+12,1.18202E+12,1.14935E+12,1.12474E+12,1.08861E+12,1.13138E+12,1.02644E+12,9.59368E+11,9.65135E+11,9.6247E+11,9.47565E+11,9.27177E+11,9.45724E+11,9.40873E+11,9.3433E+11,9.31967E+11
Qatar,3.33992E+11,2.75707E+11,2.92646E+11,2.86611E+11,2.79558E+11,2.49839E+11,2.76143E+11,2.98113E+11,3.12706E+11,3.75482E+11,3.92175E+11,4.26751E+11,4.58452E+11,5.11174E+11,4.45498E+11,6.3349E+11,7.64505E+11,8.02826E+11,1.06355E+12,1.08839E+12,1.16886E+12,1.13039E+12,1.02368E+12
Republic of Congo,1.83413E+12,1.96233E+12,2.07776E+12,2.21968E+12,2.37479E+12,2.498E+12,2.52079E+12,2.68115E+12,2.70778E+12,2.67393E+12,2.72368E+12,2.77406E+12,2.89463E+12,2.89802E+12,2.92993E+12,2.95564E+12,2.96776E+12,3.01158E+12,3.08264E+12,2.96267E+12,2.93342E+12,2.95598E+12,2.94818E+12
Republic of Korea,3.01818E+13,3.1202E+13,3.04662E+13,2.90777E+13,3.12911E+13,3.17499E+13,3.15768E+13,3.15658E+13,3.29396E+13,3.41887E+13,3.23874E+13,3.13507E+13,3.24021E+13,3.30977E+13,3.40614E+13,3.47895E+13,3.50092E+13,3.37496E+13,3.40128E+13,3.43161E+13,3.38699E+13,3.5141E+13,3.49206E+13
Romania,4.6001E+13,6.83534E+13,5.57154E+13,5.41248E+13,9.01343E+13,7.26283E+13,6.25679E+13,4.09548E+13,6.45929E+13,5.81305E+13,6.55596E+13,7.97658E+13,5.18063E+13,8.09589E+13,8.60552E+13,7.56578E+13,8.49549E+13,1.05922E+14,1.16116E+14,1.1145E+14,7.05589E+13,1.02964E+14,7.23259E+13
Russian Federation,2.87206E+14,3.46051E+14,3.54859E+14,3.03251E+14,3.4211E+14,3.47884E+14,3.59623E+14,3.72056E+14,4.49734E+14,4.07365E+14,2.91148E+14,4.3513E+14,3.55838E+14,4.29037E+14,4.68391E+14,4.75115E+14,5.41894E+14,5.84943E+14,5.25E+14,5.64542E+14,5.85271E+14,5.63487E+14,6.85177E+14
Rwanda,6.90177E+12,6.80431E+12,7.99332E+12,7.81029E+12,7.87748E+12,8.33291E+12,8.69323E+12,8.96807E+12,9.38719E+12,1.02876E+13,9.83861E+12,1.00256E+13,1.0642E+13,1.12124E+13,9.67916E+12,1.01799E+13,1.01086E+13,1.00983E+13,1.04295E+13,1.06439E+13,1.09521E+13,1.11408E+13,1.09443E+13
Réunion,1.13594E+12,1.1347E+12,1.12067E+12,1.17614E+12,1.2068E+12,1.15239E+12,1.19249E+12,37219408148,38516459259,38890222222,38356815556,38782654074,38732691111,38816666667,38799292593,38603963704,39412717778,38055262222,38483870370,38373037037,38263259259,38154185185,38045814815
S?o Tomé and Principe,1.04536E+11,1.08354E+11,1.09855E+11,1.1057E+11,1.09696E+11,1.14294E+11,1.17611E+11,1.17429E+11,1.18659E+11,1.18147E+11,1.22102E+11,1.23166E+11,1.22673E+11,1.29878E+11,1.24312E+11,1.1469E+11,1.09139E+11,1.10933E+11,1.11686E+11,1.13143E+11,1.10951E+11,1.12148E+11,1.13059E+11
Saint Kitts and Nevis,1.0253E+11,1.03329E+11,1.04434E+11,1.04475E+11,1.39871E+11,59969092457,17420754555,18693724670,20315617566,20160961156,20130063827,20202535002,12425506066,11829296511,10386290145,10834373043,10702582084,9166437612,9692859811,9752918872,10041124666,14532426639,20505440506
Saint Lucia,1.19576E+11,1.01246E+11,1.21343E+11,1.06987E+11,1.03515E+11,89327000115,94354929910,91838443997,1.04045E+11,99843694249,81536321149,82285905499,73520105274,77335865869,78723599065,77265820096,74931936897,76671152437,78544900119,77202784797,69175566617,65729244692,66855080355
Saint Vincent and the Grenadines,81770336282,83443614596,84856514646,85268200414,79755928002,88249527668,89703913459,92343798104,94329320691,96649306671,94948301516,99147845939,98314458134,94192667188,99275730439,97738071113,94677707100,95203797213,95087341796,94562941025,95016430757,94631979415,94934019685
Saudi Arabia,1.34468E+13,1.46318E+13,1.5036E+13,1.54162E+13,1.64281E+13,1.65964E+13,1.65663E+13,1.65804E+13,1.51587E+13,1.31836E+13,1.36067E+13,1.35387E+13,1.29469E+13,1.35362E+13,1.49851E+13,1.51462E+13,1.51005E+13,1.53988E+13,1.5328E+13,1.58789E+13,2.00606E+13,1.90787E+13,2.12665E+13
Senegal,1.43916E+13,1.42883E+13,1.24528E+13,1.44175E+13,1.4027E+13,1.52802E+13,1.4101E+13,1.36138E+13,1.69051E+13,1.75662E+13,1.81987E+13,1.55124E+13,1.6905E+13,1.664E+13,1.66444E+13,1.96386E+13,1.9519E+13,2.19216E+13,2.37137E+13,2.35573E+13,2.68806E+13,2.64895E+13,2.63838E+13
Serbia,1.95335E+13,3.21467E+13,3.01188E+13,2.17465E+13,3.64078E+13,3.52827E+13,3.32387E+13,2.58742E+13,3.42644E+13,3.49928E+13,3.81393E+13,3.71263E+13,2.70401E+13,3.73492E+13,4.32989E+13,3.44692E+13,4.34744E+13,2.98657E+13,4.29234E+13,4.28365E+13,4.5777E+13,4.0869E+13,3.34137E+13
Sierra Leone,3.8843E+12,4.05382E+12,4.41583E+12,4.93203E+12,5.32998E+12,5.84389E+12,7.10031E+12,5.70913E+12,6.09588E+12,6.98679E+12,7.60911E+12,8.08628E+12,8.14643E+12,8.6208E+12,8.42894E+12,7.63063E+12,7.42556E+12,7.30428E+12,7.54769E+12,7.59424E+12,7.93573E+12,1.13957E+13,9.07018E+12
Singapore,103771.47,123957,93434,110981,100004,187729,154557,193658,233227,175892,191001,198693,235223,225579,277038.24,247643.61,263108.37,208011.11,187496.6,105088.61,42269.85,137081.21,110797.77
Slovakia,1.04363E+13,1.36412E+13,1.37159E+13,1.13787E+13,1.63215E+13,1.623E+13,1.37689E+13,1.29367E+13,1.77546E+13,1.5204E+13,1.27687E+13,1.66664E+13,1.37651E+13,1.5491E+13,2.041E+13,1.68244E+13,2.09033E+13,1.65323E+13,1.75622E+13,1.73503E+13,1.85055E+13,1.78837E+13,1.4646E+13
Slovenia,3.76008E+12,3.62299E+12,3.88047E+12,3.47031E+12,3.82305E+12,3.80276E+12,3.67618E+12,3.56302E+12,3.73715E+12,3.60418E+12,3.72208E+12,3.92938E+12,3.75684E+12,3.54676E+12,4.47711E+12,4.40714E+12,4.52259E+12,4.15752E+12,4.54242E+12,4.54358E+12,4.63131E+12,4.41613E+12,3.92219E+12
Somalia,2.98544E+13,3.06491E+13,3.10315E+13,3.14487E+13,3.1793E+13,3.22428E+13,3.09291E+13,2.95283E+13,2.98567E+13,3.0009E+13,3.05128E+13,3.0334E+13,3.11077E+13,3.11134E+13,3.10422E+13,3.12737E+13,3.11092E+13,3.12569E+13,3.1576E+13,3.16168E+13,3.18415E+13,3.17561E+13,3.1684E+13
South Africa,9.09262E+13,7.73807E+13,8.54861E+13,7.98909E+13,7.99972E+13,9.03859E+13,7.62869E+13,7.54647E+13,9.44773E+13,9.11118E+13,8.92192E+13,8.33E+13,8.98436E+13,9.01337E+13,1.00628E+14,8.29847E+13,7.66102E+13,1.13547E+14,9.94079E+13,9.09117E+13,1.11472E+14,1.17819E+14,1.11695E+14
South Sudan,2.03963E+13,2.15787E+13,2.12976E+13,2.25964E+13,2.19948E+13,2.29581E+13,2.32181E+13,2.34457E+13,2.33139E+13,2.359E+13,2.30809E+13,2.27844E+13,2.60566E+13,2.61759E+13,2.7218E+13,2.67367E+13,2.67086E+13,2.67036E+13,2.88501E+13,2.9864E+13,3.01168E+13,2.91003E+13,3.02001E+13
Spain,1.2427E+14,1.11793E+14,1.20798E+14,1.20296E+14,1.26511E+14,1.02592E+14,1.1229E+14,1.21649E+14,1.19252E+14,1.05566E+14,1.10858E+14,1.14783E+14,1.02896E+14,1.2114E+14,1.14272E+14,1.15235E+14,1.23224E+14,1.08747E+14,1.23435E+14,1.12121E+14,1.29926E+14,1.22681E+14,9.97728E+13
Sri Lanka,1.41726E+13,1.3452E+13,1.37666E+13,1.44853E+13,1.30709E+13,1.488E+13,1.54525E+13,1.46256E+13,1.72486E+13,1.65548E+13,1.86683E+13,1.72218E+13,1.73754E+13,1.98572E+13,1.6243E+13,2.0542E+13,1.93578E+13,1.25423E+13,1.77055E+13,1.96767E+13,2.19652E+13,2.26412E+13,1.66505E+13
Sudan,6.6337E+13,7.20663E+13,7.06129E+13,7.69284E+13,7.32502E+13,7.86201E+13,7.98504E+13,8.17135E+13,8.06603E+13,8.22501E+13,7.8556E+13,8.06924E+13,9.44085E+13,1.0297E+14,1.0784E+14,9.84253E+13,1.09495E+14,1.04608E+14,1.1441E+14,1.08561E+14,1.09448E+14,1.07132E+14,1.12613E+14
Suriname,8.00264E+11,8.23382E+11,6.36614E+11,7.2997E+11,7.14107E+11,7.16197E+11,7.90454E+11,8.16358E+11,8.24424E+11,9.51098E+11,9.83813E+11,1.02541E+12,1.04366E+12,1.12833E+12,1.1964E+12,1.18741E+12,1.20967E+12,1.34661E+12,1.3622E+12,1.32453E+12,1.03453E+12,1.1093E+12,1.08463E+12
Swaziland,3.48832E+12,3.36643E+12,3.61892E+12,3.74732E+12,3.83271E+12,4.01106E+12,3.8566E+12,3.79889E+12,3.86879E+12,3.90135E+12,4.13562E+12,4.24803E+12,4.24302E+12,4.31605E+12,4.31339E+12,4.31168E+12,4.36384E+12,4.48999E+12,4.60182E+12,4.67521E+12,4.42421E+12,4.44035E+12,4.35929E+12
Sweden,3.59065E+13,3.53771E+13,3.64096E+13,3.60472E+13,3.66723E+13,4.31687E+13,3.29797E+13,3.80528E+13,3.64458E+13,3.55175E+13,3.51273E+13,3.60921E+13,3.61455E+13,3.61458E+13,3.85594E+13,3.91193E+13,3.821E+13,3.94194E+13,3.32025E+13,3.95987E+13,3.83656E+13,3.7252E+13,3.83914E+13
Switzerland,1.28852E+13,1.14678E+13,1.14688E+13,1.0931E+13,1.15662E+13,1.1459E+13,1.1347E+13,1.16053E+13,1.15015E+13,1.15883E+13,1.11675E+13,1.17752E+13,1.1378E+13,1.10268E+13,1.18412E+13,1.11128E+13,1.07086E+13,1.12835E+13,1.12523E+13,1.11422E+13,1.13171E+13,1.07029E+13,1.12065E+13
Syria,1.62527E+13,1.92921E+13,2.1738E+13,2.25682E+13,2.13557E+13,2.23326E+13,2.45209E+13,2.19274E+13,1.62208E+13,2.04344E+13,1.83703E+13,2.13844E+13,1.99985E+13,1.84621E+13,1.49155E+13,1.80995E+13,1.44028E+13,1.40745E+13,1.17279E+13,2.18329E+13,1.95002E+13,1.40451E+13,1.33047E+13
Taiwan,1.42263E+13,1.34448E+13,1.37064E+13,1.31889E+13,1.23337E+13,1.1558E+13,1.20246E+13,1.14445E+13,1.12724E+13,1.13799E+13,1.13435E+13,1.20389E+13,1.17376E+13,1.13543E+13,1.18579E+13,1.14976E+13,1.13435E+13,1.1998E+13,1.25361E+13,1.21838E+13,1.23935E+13,1.19833E+13,1.18565E+13
Tajikistan,3.519E+12,3.47909E+12,3.99385E+12,4.42215E+12,4.72111E+12,4.97335E+12,5.19109E+12,5.34632E+12,5.95519E+12,7.17975E+12,7.31447E+12,6.89302E+12,7.45038E+12,7.97288E+12,9.12401E+12,9.65718E+12,9.9717E+12,1.02788E+13,1.00777E+13,1.05231E+13,1.05147E+13,1.09805E+13,1.09234E+13
Tanzania,4.99696E+13,5.26795E+13,5.92783E+13,5.44594E+13,6.03559E+13,5.8657E+13,6.26299E+13,6.39013E+13,6.57974E+13,6.41908E+13,7.08138E+13,7.46285E+13,7.86048E+13,8.39931E+13,9.10853E+13,9.19887E+13,9.13666E+13,9.06893E+13,9.34783E+13,9.50037E+13,1.01601E+14,1.02806E+14,9.95085E+13
Thailand,1.58511E+14,1.67042E+14,1.6895E+14,1.84715E+14,1.77738E+14,1.72804E+14,1.72255E+14,1.90672E+14,1.96055E+14,1.95446E+14,2.0496E+14,2.29243E+14,2.33091E+14,2.30194E+14,2.19857E+14,1.9849E+14,2.09764E+14,2.17204E+14,2.3845E+14,2.23524E+14,2.04508E+14,2.06394E+14,2.22916E+14
The Gambia,1.49981E+12,1.5484E+12,1.28987E+12,1.57393E+12,1.72388E+12,1.64999E+12,1.70287E+12,1.51726E+12,1.78292E+12,1.97061E+12,2.1081E+12,1.61404E+12,1.73856E+12,1.72893E+12,1.62431E+12,1.75255E+12,1.68186E+12,1.49061E+12,1.20522E+12,1.24303E+12,1.25001E+12,1.27869E+12,1.30418E+12
Timor-Leste,8.02283E+11,8.35326E+11,8.86466E+11,8.39112E+11,7.94655E+11,8.88169E+11,9.40176E+11,8.66094E+11,9.63178E+11,1.11883E+12,1.10899E+12,9.07045E+11,9.81952E+11,1.0115E+12,1.01737E+12,1.13496E+12,1.02529E+12,9.78071E+11,9.90207E+11,1.01367E+12,9.66521E+11,8.78013E+11,1.01925E+12
Togo,5.88941E+12,6.27547E+12,6.2673E+12,6.3414E+12,5.88938E+12,5.97687E+12,6.19583E+12,6.21413E+12,6.49112E+12,7.07198E+12,7.06126E+12,7.14746E+12,8.23456E+12,8.27562E+12,8.69828E+12,8.39677E+12,8.52602E+12,8.90529E+12,9.21202E+12,9.46647E+12,9.48105E+12,9.88349E+12,1.01436E+13
Trinidad and Tobago,1.1652E+12,1.12717E+12,1.39763E+12,1.12664E+12,1.01243E+12,9.71482E+11,1.12833E+12,1.1194E+12,8.04774E+11,8.41823E+11,8.56886E+11,8.59574E+11,8.69546E+11,8.86265E+11,9.07498E+11,9.08906E+11,9.0813E+11,9.31601E+11,9.39731E+11,9.70089E+11,9.69171E+11,9.56899E+11,9.76365E+11
Tunisia,9.55193E+12,1.00846E+13,8.46532E+12,1.18589E+13,1.18146E+13,1.19658E+13,1.11831E+13,1.20691E+13,1.04891E+13,1.32957E+13,1.0388E+13,1.28742E+13,1.34003E+13,1.16853E+13,1.38072E+13,1.19502E+13,1.16981E+13,1.25518E+13,1.22899E+13,1.43751E+13,1.26421E+13,1.30326E+13,1.29987E+13
Turkey,1.34616E+14,1.22212E+14,1.29872E+14,1.27726E+14,1.38146E+14,1.48096E+14,1.42783E+14,1.23833E+14,1.27134E+14,1.42697E+14,1.42171E+14,1.49008E+14,1.43798E+14,1.58368E+14,1.49292E+14,1.63466E+14,1.60156E+14,1.65006E+14,1.66506E+14,1.67953E+14,1.78463E+14,1.71021E+14,1.84852E+14
Turkmenistan,8.16558E+12,8.83765E+12,1.05965E+13,1.17028E+13,1.23121E+13,1.30543E+13,1.41816E+13,9.90973E+12,1.03581E+13,1.07555E+13,1.11012E+13,1.0381E+13,1.06778E+13,1.11139E+13,1.09887E+13,1.15566E+13,1.20511E+13,1.21219E+13,1.12524E+13,1.24842E+13,1.25891E+13,1.24054E+13,1.1927E+13
Uganda,3.78538E+13,3.93891E+13,4.04854E+13,4.16279E+13,4.15081E+13,4.23158E+13,4.26517E+13,4.36848E+13,4.75969E+13,4.92281E+13,5.05356E+13,5.24092E+13,5.2748E+13,5.35973E+13,5.50532E+13,5.63729E+13,5.49949E+13,5.66822E+13,5.80887E+13,5.88988E+13,6.52351E+13,7.12994E+13,6.35269E+13
Ukraine,9.91307E+13,1.4184E+14,1.41911E+14,1.13963E+14,1.55372E+14,1.48219E+14,1.44549E+14,1.25118E+14,2.07539E+14,1.79886E+14,1.6437E+14,2.30209E+14,1.96895E+14,2.5637E+14,2.62205E+14,2.47842E+14,2.74106E+14,2.59139E+14,2.94431E+14,3.08858E+14,2.65787E+14,3.44416E+14,2.31656E+14
United Arab Emirates,2.09684E+12,2.02562E+12,2.06419E+12,2.18964E+12,2.19505E+12,2.29029E+12,2.41739E+12,2.4342E+12,2.67074E+12,2.98013E+12,2.81668E+12,2.43851E+12,2.43557E+12,2.60358E+12,2.86064E+12,3.01109E+12,3.07882E+12,3.12607E+12,3.13849E+12,3.22633E+12,3.26193E+12,3.30955E+12,3.47008E+12
United Kingdom,1.17872E+14,1.03857E+14,1.12374E+14,1.10298E+14,1.11228E+14,1.10376E+14,1.08535E+14,1.0403E+14,1.13613E+14,1.08248E+14,1.07301E+14,1.1049E+14,1.0495E+14,1.06942E+14,1.17457E+14,1.16812E+14,1.10919E+14,1.16723E+14,1.11309E+14,1.19236E+14,1.03536E+14,1.11254E+14,1.14338E+14
United States,1.5245E+15,1.48419E+15,1.42035E+15,1.50364E+15,1.62826E+15,1.58053E+15,1.53673E+15,1.65066E+15,1.62892E+15,1.6665E+15,1.64032E+15,1.59028E+15,1.52978E+15,1.70123E+15,1.74814E+15,1.73065E+15,1.92717E+15,1.81181E+15,1.81779E+15,1.72268E+15,1.78196E+15,1.83854E+15,1.73714E+15
Uruguay,3.0069E+13,3.00173E+13,3.07769E+13,3.20664E+13,3.48557E+13,3.60172E+13,3.79653E+13,3.77974E+13,3.96459E+13,4.10986E+13,4.2653E+13,4.11833E+13,4.33071E+13,4.25315E+13,4.59692E+13,4.57277E+13,4.40522E+13,4.62253E+13,3.98162E+13,4.4954E+13,4.26897E+13,4.52953E+13,4.2067E+13
Uzbekistan,2.07669E+13,2.1118E+13,2.39004E+13,2.50005E+13,2.57262E+13,2.76107E+13,2.89094E+13,3.00106E+13,3.08918E+13,3.33613E+13,3.48123E+13,3.56654E+13,3.75825E+13,3.95157E+13,4.10502E+13,4.24956E+13,4.48851E+13,4.30283E+13,4.26137E+13,4.42029E+13,4.50316E+13,4.59491E+13,4.74733E+13
Venezuela,4.86706E+13,5.02266E+13,4.93618E+13,5.00678E+13,5.09654E+13,5.26549E+13,5.35387E+13,5.42696E+13,5.43527E+13,5.37164E+13,4.93645E+13,4.9439E+13,5.28897E+13,5.3616E+13,5.29408E+13,4.95953E+13,4.74467E+13,4.55362E+13,4.43389E+13,4.42743E+13,4.58375E+13,4.59293E+13,4.55692E+13
Vietnam,1.36849E+14,1.36839E+14,1.4806E+14,1.49628E+14,1.56637E+14,1.57702E+14,1.5954E+14,1.64529E+14,1.7494E+14,1.7419E+14,1.81287E+14,1.92232E+14,1.98356E+14,2.01411E+14,2.04813E+14,2.05246E+14,1.97336E+14,1.97578E+14,2.0241E+14,1.99717E+14,1.96761E+14,2.01974E+14,1.97984E+14
Yemen,8.90179E+12,9.3949E+12,9.24866E+12,9.83182E+12,1.01219E+13,1.047E+13,1.13194E+13,1.23408E+13,1.20736E+13,1.22384E+13,1.33487E+13,1.3218E+13,1.36942E+13,1.38992E+13,1.37634E+13,1.30948E+13,1.25047E+13,1.24378E+13,1.20366E+13,1.34442E+13,1.43894E+13,1.51681E+13,1.42046E+13
Zambia,1.39852E+13,1.38032E+13,1.36238E+13,1.49587E+13,1.52682E+13,1.53721E+13,1.70229E+13,1.65931E+13,1.64004E+13,2.02451E+13,2.46065E+13,2.64354E+13,2.59865E+13,2.49626E+13,2.80579E+13,2.46885E+13,2.61714E+13,3.06547E+13,2.53684E+13,2.46452E+13,2.97819E+13,3.14717E+13,2.77841E+13
Zimbabwe,2.0707E+13,2.10136E+13,1.73851E+13,1.83038E+13,2.11147E+13,1.82412E+13,1.98739E+13,1.88881E+13,1.61694E+13,1.71106E+13,1.90982E+13,1.92472E+13,1.99888E+13,1.98689E+13,1.77198E+13,1.74751E+13,1.73743E+13,1.93817E+13,1.97895E+13,1.78244E+13,1.94012E+13,2.04472E+13,2.0176E+13
